variant,conjunto,n,Precisión del contexto,Cobertura del contexto,Corrección factual,Fidelidad,Relevancia de la respuesta
baseline_all_on,unknown,50,0.8931349205934606,0.96,0.5825719424386009,0.9026341991341991,0.8314504349255317
no_query_decomposition,unknown,50,0.8998015872593328,0.96,0.5992903332787616,0.9141111111111111,0.8217974113451885
no_lexical_search,unknown,50,0.9005911888138789,0.96,0.5845328760735824,0.8863807858807858,0.8146538759706391
no_exhaustive_search,unknown,50,0.8964682539268328,0.96,0.5769445534654967,0.8648531746031746,0.8460748358160538
no_reranker,unknown,50,0.8591388888525363,0.94,0.5888150972467602,0.9087922077922077,0.8310809545747472
no_context_expansion,unknown,50,0.8939722221756433,0.94,0.5727639170586456,0.9000262515262516,0.8387743446646989
no_context_optimization,unknown,50,0.89435536115102,0.96,0.5568838547614324,0.9052994987468672,0.8098408079370455
no_recomp_synthesis,unknown,50,0.8955793650371596,0.96,0.5902961889804155,0.9112380952380953,0.8190039433180035
